{
  "EM": 0.045454545454545456,
  "EXEC": 0.097678916827853
}